movie_id,avg_sentiment_score,num_reviews,normalized_sentiment
tt0012349,0.8868114,124,0.8644413
tt0015324,0.8993103,57,0.87961054
tt0015864,0.87631726,52,0.85170513
tt0017136,0.90249944,104,0.8834811
tt0017925,0.870212,54,0.8442955
tt0019254,0.87034225,56,0.8444536
tt0021749,0.8982086,130,0.87827355
tt0022100,0.8938164,120,0.8729429
tt0027977,0.8851694,106,0.8624485
tt0031381,0.8812056,55,0.8576379
tt0031679,0.8762061,66,0.8515702
tt0032138,0.8937145,52,0.87281924
tt0032553,0.84172314,108,0.80972004
tt0033467,0.80182004,118,0.7612917
tt0034583,0.8736376,110,0.848453
tt0036775,0.8622505,100,0.83463305
tt0036868,0.9142513,50,0.8977437
tt0038650,0.8885905,106,0.8666005
tt0040522,0.8825026,102,0.859212
tt0040897,0.8830788,54,0.85991126
tt0041959,0.847106,61,0.8162529
tt0042192,0.81844896,106,0.78147334
tt0042876,0.84769267,51,0.8169649
tt0043014,0.8265322,100,0.79128355
tt0044741,0.8896852,108,0.8679291
tt0045152,0.8796481,122,0.8557476
tt0046268,0.8428437,69,0.81108
tt0046438,0.8646657,62,0.83756423
tt0046912,0.84639513,57,0.81539017
tt0047296,0.8754636,56,0.8506691
tt0047396,0.89902294,104,0.8792618
tt0047478,0.88726014,120,0.86498594
tt0050083,0.92479515,134,0.9105402
tt0050212,0.8239989,67,0.7882091
tt0050766,0.79930794,69,0.7582429
tt0050825,0.87456787,116,0.84958196
tt0050976,0.8473852,51,0.8165918
tt0050986,0.9272072,58,0.9134676
tt0051201,0.8765803,142,0.8520244
tt0052357,0.87979287,130,0.8559233
tt0052520,0.86911625,56,0.8429656
tt0052618,0.8719709,58,0.8464302
tt0053125,0.8887004,108,0.8667339
tt0053291,0.89320797,110,0.8722045
tt0053488,0.957663,18,0.9504302
tt0053604,0.8758163,110,0.8510971
tt0054215,0.92428076,104,0.9099159
tt0055031,0.885752,100,0.8631556
tt0055630,0.902309,52,0.88324994
tt0056058,0.9071019,102,0.8890669
tt0056172,0.8717692,132,0.8461854
tt0056592,0.90136725,110,0.88210696
tt0057012,0.89127,100,0.8698525
tt0057115,0.8677839,52,0.84134865
tt0057565,0.8853578,100,0.86267716
tt0058548,0.5637179,51,0.47231945
tt0058946,0.89238566,50,0.8712065
tt0059578,0.86204994,116,0.8343896
tt0059742,0.85513383,50,0.82599586
tt0060196,0.9111956,102,0.8940351
tt0060666,0.38209116,55,0.25188848
tt0062622,0.832776,130,0.7988613
tt0063350,0.8486611,50,0.81814027
tt0063929,0.8752724,56,0.850437
tt0064116,0.90266097,112,0.8836771
tt0065832,0.47964466,62,0.3702841
tt0066921,0.82190627,114,0.7856693
tt0068646,0.908427,189,0.89067507
tt0070047,0.8738273,65,0.8486832
tt0070735,0.8952052,112,0.8746284
tt0071075,0.85592145,57,0.8269518
tt0071315,0.90015477,62,0.88063544
tt0071562,0.92276317,126,0.90807414
tt0071853,0.82805526,53,0.793132
tt0072500,0.81091845,55,0.772334
tt0072562,0.8413622,56,0.80928195
tt0072684,0.82732683,58,0.79224795
tt0073195,0.8579328,54,0.82939285
tt0073486,0.9040771,104,0.8853958
tt0074006,0.8865262,58,0.8640952
tt0074958,0.8794906,50,0.8555564
tt0075148,0.9068853,55,0.888804
tt0075314,0.8899753,126,0.8682812
tt0075537,0.8862305,50,0.86373633
tt0076759,0.90764606,104,0.88972723
tt0077416,0.8140973,67,0.77619195
tt0078718,0.8439294,55,0.81239766
tt0078748,0.9300685,134,0.9169402
tt0078788,0.86899734,100,0.8428213
tt0079470,0.8356411,55,0.80233854
tt0080025,0.8045558,52,0.7646119
tt0080306,0.8897072,52,0.8679558
tt0080678,0.8967789,58,0.87653834
tt0080684,0.93292004,134,0.920401
tt0081398,0.85418934,54,0.8248496
tt0081505,0.90149343,104,0.88226014
tt0081633,0.7305743,52,0.6748244
tt0081834,0.92800677,33,0.914438
tt0081846,0.8950981,52,0.8744984
tt0081912,0.84382546,60,0.8122715
tt0082096,0.91323936,106,0.89651555
tt0082971,0.89061344,110,0.8690556
tt0083658,0.86943996,53,0.8433585
tt0084787,0.87787646,114,0.85359746
tt0085750,0.5321455,50,0.43400165
tt0086190,0.88049656,132,0.8567773
tt0086250,0.88977426,106,0.86803716
tt0086661,0.87774616,54,0.85343933
tt0086770,0.8395716,50,0.8071088
tt0086831,0.87592906,20,0.85123396
tt0086879,0.8368387,102,0.80379206
tt0087799,0.7138529,57,0.6545305
tt0087843,0.85610694,100,0.82717687
tt0088247,0.90905005,66,0.8914312
tt0088323,0.82406336,58,0.7882873
tt0088484,0.820037,54,0.7834007
tt0088509,0.91001207,57,0.89259875
tt0088763,0.90994626,112,0.8925189
tt0089280,0.30560955,70,0.1590667
tt0089881,0.88391185,110,0.8609223
tt0090509,0.90299433,31,0.8840817
tt0090605,0.8996928,104,0.88007474
tt0091251,0.8676085,100,0.84113574
tt0091763,0.8715592,55,0.8459305
tt0092005,0.8914452,67,0.87006515
tt0092324,0.80667174,51,0.76717997
tt0092337,0.89925617,54,0.87954485
tt0092455,0.8990041,57,0.87923896
tt0092513,0.81610537,55,0.77862906
tt0093058,0.8647371,132,0.8376509
tt0093300,0.46676984,66,0.3546586
tt0093507,0.6083032,54,0.5264303
tt0094074,0.5220136,68,0.4217051
tt0094517,0.7748641,54,0.72857666
tt0094525,0.82630324,60,0.7910057
tt0095016,0.8801887,116,0.8564037
tt0095327,0.92583746,124,0.9118052
tt0095489,0.83494925,52,0.8014989
tt0095560,0.39821872,62,0.27146167
tt0095765,0.9060732,100,0.8878184
tt0096283,0.8998061,57,0.8802123
tt0096548,0.79852897,66,0.7572975
tt0096639,0.8968713,53,0.8766505
tt0096657,0.82228136,56,0.7861245
tt0096697,0.8848153,53,0.8620187
tt0096870,0.21021365,61,0.043289635
tt0097165,0.9064377,50,0.8882607
tt0097223,0.9027962,53,0.8838412
tt0097576,0.89821094,136,0.87827635
tt0098769,0.92846805,32,0.9149978
tt0098844,0.7201771,65,0.6622059
tt0098904,0.8773954,57,0.8530136
tt0098936,0.8861317,53,0.8636164
tt0099685,0.9048881,134,0.8863801
tt0101410,0.8243181,67,0.78859645
tt0101540,0.815764,54,0.77821475
tt0101615,0.49959338,53,0.39449483
tt0102926,0.87895894,104,0.8549112
tt0103064,0.9125326,100,0.89565784
tt0103359,0.90753734,52,0.8895953
tt0103923,0.5476356,52,0.45280123
tt0105236,0.8784934,100,0.8543462
tt0105643,0.43281642,67,0.31345108
tt0105695,0.90791076,50,0.8900485
tt0105793,0.7740261,61,0.7275596
tt0105958,0.9279594,58,0.9143805
tt0106028,0.89750963,50,0.8774252
tt0106179,0.910502,50,0.89319336
tt0107207,0.90164196,52,0.8824404
tt0107290,0.91407573,108,0.8975306
tt0107808,0.85573226,50,0.82672215
tt0108052,0.93710333,100,0.92547804
tt0108174,0.77609766,52,0.73007375
tt0108757,0.8973562,69,0.877239
tt0108778,0.9384762,57,0.9271442
tt0109830,0.9073049,106,0.88931316
tt0110357,0.91221297,126,0.8952699
tt0110413,0.8944144,114,0.87366873
tt0110647,0.371285,52,0.23877358
tt0110857,0.42720115,57,0.30663615
tt0110912,0.8951183,128,0.874523
tt0110978,0.4639366,53,0.35122004
tt0111161,0.93405366,150,0.9217768
tt0111893,0.9172971,49,0.90144026
tt0111958,0.8437624,52,0.81219494
tt0112130,0.91538495,55,0.89911956
tt0112159,0.91675067,50,0.90077704
tt0112471,0.81355363,60,0.7755321
tt0112573,0.8627231,128,0.8352066
tt0112641,0.89777523,118,0.87774754
tt0113247,0.87131065,56,0.84562886
tt0113277,0.9156548,104,0.899447
tt0113720,0.77681285,33,0.7309418
tt0114369,0.9403828,92,0.92945814
tt0114709,0.87362766,106,0.8484409
tt0114814,0.91366744,100,0.8970351
tt0115624,0.4898173,61,0.3826301
tt0116282,0.8239158,55,0.78810817
tt0116756,0.40982,51,0.28554153
tt0116839,0.38890365,54,0.26015645
tt0117913,0.8496986,51,0.8193994
tt0117951,0.8908826,51,0.8693823
tt0118273,0.852814,34,0.82318044
tt0118276,0.9111751,54,0.89401025
tt0118421,0.96197176,57,0.95565957
tt0118539,0.44857746,71,0.33257946
tt0118589,0.3792358,54,0.24842308
tt0118665,0.35438588,58,0.21826401
tt0118688,0.56121516,57,0.469282
tt0118715,0.8713463,53,0.84567213
tt0118799,0.8699206,130,0.8439418
tt0118849,0.9280724,66,0.91451764
tt0119217,0.84394187,142,0.8124128
tt0119488,0.9216657,100,0.9067422
tt0119567,0.7481222,57,0.69612145
tt0119698,0.926927,106,0.9131275
tt0119707,0.41350695,68,0.2900162
tt0120207,0.47098124,58,0.35976976
tt0120363,0.85032094,53,0.8201547
tt0120382,0.92207015,102,0.907233
tt0120586,0.89259017,104,0.8714547
tt0120623,0.82729304,61,0.79220694
tt0120689,0.926197,118,0.9122416
tt0120735,0.8251404,56,0.7895944
tt0120737,0.94274294,92,0.9323225
tt0120815,0.92237264,110,0.90760016
tt0121220,0.8577654,56,0.82918966
tt0121955,0.88697815,59,0.8646437
tt0123964,0.7572982,51,0.7072578
tt0126158,0.89820755,60,0.87827224
tt0129167,0.8774084,57,0.8530294
tt0129690,0.83588123,59,0.80263
tt0133093,0.9308302,106,0.9178646
tt0137523,0.9253702,104,0.91123813
tt0141842,0.94755936,60,0.938168
tt0143145,0.7263748,50,0.66972774
tt0145487,0.84705913,57,0.816196
tt0158417,0.95780534,54,0.95060295
tt0159206,0.8076548,52,0.768373
tt0162346,0.7996117,59,0.75861156
tt0163507,0.9147311,59,0.898326
tt0167260,0.8905817,126,0.8690172
tt0167261,0.8876002,128,0.86539865
tt0167404,0.88230646,126,0.8589739
tt0169547,0.9239881,132,0.90956074
tt0172495,0.8974427,136,0.87734395
tt0175142,0.6635855,58,0.59352356
tt0180093,0.8855045,128,0.8628552
tt0185183,0.3283391,68,0.18665239
tt0185906,0.93736786,56,0.9257991
tt0187664,0.92309386,57,0.90847546
tt0190374,0.35030398,53,0.21331002
tt0193676,0.9167641,55,0.9007933
tt0198781,0.8256773,60,0.790246
tt0200276,0.92333394,56,0.9087668
tt0203259,0.83877766,58,0.80614525
tt0208092,0.89075905,114,0.86923236
tt0209144,0.90265876,104,0.88367444
tt0211915,0.8891538,110,0.8672841
tt0213338,0.9439048,60,0.9337326
tt0214341,0.93926984,50,0.9281074
tt0229889,0.9421467,37,0.9315989
tt0237123,0.86107224,56,0.833203
tt0241527,0.8336549,54,0.799928
tt0245429,0.88929695,116,0.86745787
tt0246894,0.3197738,54,0.17625712
tt0248654,0.9422654,53,0.93174297
tt0249516,0.29102394,59,0.1413649
tt0252488,0.63636535,21,0.5604879
tt0253474,0.9219924,104,0.9071387
tt0257106,0.5316874,55,0.43344566
tt0264235,0.8812984,56,0.8577505
tt0264464,0.8973249,53,0.877201
tt0266543,0.8745209,56,0.849525
tt0266697,0.91291517,60,0.8961221
tt0268093,0.95948964,53,0.95264715
tt0268978,0.88643014,62,0.8639786
tt0270846,0.39597145,52,0.26873428
tt0275137,0.9013974,54,0.8821436
tt0278238,0.9368767,49,0.92520297
tt0279600,0.8765642,68,0.8520048
tt0280249,0.90460396,50,0.8860352
tt0281491,0.9155765,55,0.8993521
tt0286486,0.87255,55,0.847133
tt0290978,0.84124625,56,0.8091412
tt0290988,0.8839089,55,0.8609187
tt0295254,0.37067518,50,0.23803349
tt0295427,0.4204993,64,0.29850245
tt0296310,0.9272161,35,0.91347843
tt0299930,0.3771014,59,0.24583265
tt0303461,0.89401567,59,0.87318474
tt0306414,0.91477704,57,0.89838177
tt0311113,0.87742376,55,0.853048
tt0314331,0.8367704,55,0.80370915
tt0314979,0.770602,57,0.723404
tt0317248,0.95007294,106,0.94121855
tt0317676,0.33432972,58,0.19392289
tt0317705,0.88011825,51,0.8563182
tt0318871,0.9415301,33,0.93085057
tt0325980,0.8964912,68,0.87618923
tt0327554,0.49131197,52,0.38444412
tt0328107,0.8379308,52,0.8051174
tt0329028,0.31572402,60,0.1713421
tt0338013,0.8385835,122,0.80590963
tt0339034,0.32944432,33,0.18799374
tt0346336,0.9225551,53,0.9078216
tt0347149,0.9046112,53,0.88604397
tt0348914,0.9055253,56,0.88715345
tt0353049,0.8649631,59,0.8379252
tt0353969,0.90809095,50,0.8902672
tt0356470,0.7128547,53,0.65331906
tt0359950,0.85577756,31,0.82677716
tt0361748,0.9175879,104,0.9017931
tt0362165,0.33819288,55,0.19861141
tt0363163,0.8748709,106,0.8499497
tt0364569,0.91392815,110,0.8973515
tt0364725,0.7428308,58,0.68969953
tt0364845,0.8406165,65,0.80837697
tt0367279,0.87979674,58,0.855928
tt0368226,0.46117112,56,0.34786373
tt0369226,0.42686632,52,0.30622977
tt0369610,0.7451523,60,0.692517
tt0371746,0.9202485,54,0.9050222
tt0372784,0.907622,114,0.889698
tt0372873,0.35068575,68,0.21377335
tt0373732,0.89597094,59,0.8755578
tt0380136,0.8703405,42,0.8444515
tt0381681,0.88142663,53,0.8579061
tt0382932,0.84260756,57,0.8107934
tt0383222,0.36727205,68,0.23390329
tt0384766,0.905038,51,0.886562
tt0386676,0.8865478,70,0.8641214
tt0387764,0.9107424,57,0.8934851
tt0388629,0.95302683,50,0.94480354
tt0395169,0.84863555,58,0.8181093
tt0400426,0.5460253,51,0.45084682
tt0403778,0.89352995,52,0.87259525
tt0405094,0.91832924,104,0.90269285
tt0405159,0.9330495,61,0.9205581
tt0407362,0.8959088,64,0.8754823
tt0407887,0.9167173,132,0.9007366
tt0411008,0.9169316,68,0.9009967
tt0412142,0.9071198,53,0.8890886
tt0413573,0.77085036,50,0.7237054
tt0417056,0.27423173,30,0.120985076
tt0417299,0.9588549,57,0.9518768
tt0417373,0.90011215,58,0.88058376
tt0421051,0.30875334,54,0.16288216
tt0423731,0.9267028,71,0.91285545
tt0427340,0.85286784,52,0.82324576
tt0432291,0.44450882,67,0.32764158
tt0434409,0.90542185,58,0.88702786
tt0434706,0.9128583,54,0.8960531
tt0435761,0.9083774,102,0.89061487
tt0446029,0.8741033,50,0.84901816
tt0450345,0.45408198,59,0.33926
tt0452046,0.8055513,54,0.76582015
tt0454876,0.8956385,53,0.8751543
tt0454921,0.8543487,65,0.825043
tt0457430,0.9184905,51,0.90288866
tt0459159,0.8398691,51,0.80746984
tt0460681,0.8753553,55,0.85053766
tt0462244,0.46120486,52,0.34790468
tt0466342,0.29321808,54,0.14402781
tt0468569,0.9218977,138,0.9070237
tt0469494,0.88876593,106,0.8668134
tt0472954,0.9493993,64,0.940401
tt0476735,0.90245146,51,0.88342285
tt0477347,0.80490667,32,0.7650378
tt0477348,0.87439835,63,0.84937626
tt0478304,0.7580111,51,0.708123
tt0478942,0.88996756,56,0.86827177
tt0481256,0.91882575,43,0.90329546
tt0482571,0.9111616,126,0.8939939
tt0487831,0.8631261,55,0.8356957
tt0499487,0.32457265,50,0.18208124
tt0758745,0.89001083,55,0.8683243
tt0758752,0.7542871,52,0.70360345
tt0770828,0.843947,66,0.812419
tt0773262,0.93759865,51,0.92607915
tt0785077,0.4167207,53,0.29391655
tt0795176,0.9181344,52,0.9024564
tt0795461,0.3297031,57,0.18830779
tt0799949,0.25373378,54,0.09610777
tt0804452,0.3769294,53,0.24562392
tt0804492,0.46206945,51,0.348954
tt0804503,0.9027278,55,0.8837582
tt0808240,0.38904214,21,0.2603245
tt0810913,0.31323665,64,0.16832332
tt0816692,0.8953527,100,0.8748075
tt0816711,0.78578764,50,0.741834
tt0863046,0.91226083,54,0.895328
tt0874936,0.9011804,72,0.8818802
tt0877057,0.9412859,67,0.9305542
tt0892769,0.9041476,51,0.8854814
tt0897361,0.36490598,54,0.23103172
tt0898266,0.8965725,52,0.8762878
tt0903747,0.9703236,58,0.96579576
tt0910970,0.9050214,130,0.8865419
tt0944947,0.93551135,52,0.9235459
tt0978762,0.8845753,56,0.8617275
tt0979432,0.9242883,57,0.90992504
tt0986264,0.8958813,100,0.875449
tt0988818,0.97862816,56,0.97587454
tt0988824,0.9255882,68,0.9115027
tt0993846,0.8504629,138,0.82032704
tt0994314,0.9351144,65,0.9230641
tt10048342,0.9424837,57,0.9320079
tt1010048,0.90048707,61,0.8810388
tt10233448,0.9412159,50,0.9304692
tt10272386,0.90969574,114,0.89221483
tt1028532,0.8861083,62,0.863588
tt10332508,0.93670696,54,0.924997
tt10350922,0.17454463,52,0.0
tt10370710,0.8296279,54,0.7950406
tt10481868,0.328431,55,0.18676393
tt1049413,0.8733717,110,0.8481303
tt10530900,0.9609862,52,0.9544634
tt10541088,0.9127292,61,0.89589643
tt10590066,0.91148823,59,0.8943903
tt10648342,0.657865,50,0.5865809
tt1073498,0.31459364,56,0.16997023
tt1078912,0.72876024,64,0.6726228
tt10801534,0.92636615,59,0.91244686
tt10802170,0.91709507,59,0.90119505
tt10834220,0.83711815,64,0.8041312
tt10839422,0.686743,32,0.6216287
tt10850932,0.9362122,54,0.92439646
tt10872600,0.9111231,63,0.8939472
tt10886166,0.24679187,55,0.08768273
tt10888594,0.30327827,56,0.15623735
tt10970762,0.774021,54,0.7275535
tt1098327,0.32048237,61,0.17711708
tt10986410,0.8878559,53,0.86570895
tt11083552,0.7675825,55,0.7197393
tt11126994,0.9487781,55,0.9396471
tt11192306,0.8812222,60,0.85765797
tt11198330,0.805383,53,0.7656159
tt1124373,0.91274256,52,0.8959126
tt11247158,0.90323055,59,0.88436836
tt11280740,0.93364173,52,0.92127687
tt1130884,0.916508,110,0.90048254
tt11378946,0.9055463,55,0.8871789
tt11762434,0.3187197,54,0.17497784
tt11815682,0.8674079,62,0.8408923
tt1187043,0.89659035,134,0.8763095
tt11873440,0.26954502,56,0.11529705
tt1190634,0.91355497,57,0.89689857
tt1196946,0.8982774,53,0.878357
tt12004706,0.9442368,56,0.93413556
tt12014840,0.9985066,2,1.0
tt1201607,0.9273576,51,0.91365016
tt12042730,0.8040849,108,0.7640404
tt1205489,0.91388106,64,0.89729434
tt12074628,0.9151742,55,0.89886373
tt1213644,0.18890622,56,0.017429918
tt12300742,0.81429946,54,0.77643734
tt12343534,0.9118386,57,0.8948155
tt12392504,0.92373145,56,0.90924925
tt1255953,0.9272381,114,0.91350514
tt1266020,0.9304406,53,0.91739184
tt12747748,0.6999703,60,0.63768196
tt12908150,0.8872397,51,0.8649611
tt12915716,0.25223908,70,0.09429373
tt1291584,0.92374396,53,0.90926445
tt12996154,0.34670871,54,0.20894663
tt1305806,0.887137,52,0.86483645
tt1305826,0.94391125,57,0.93374044
tt13111040,0.9146939,60,0.89828086
tt13138834,0.92328936,57,0.90871274
tt1316037,0.3603546,52,0.22550794
tt13186306,0.30771008,53,0.16161601
tt13309742,0.94730455,67,0.9378587
tt13361448,0.8289977,55,0.79427576
tt13406094,0.8410025,57,0.80884546
tt1341338,0.7567802,56,0.70662916
tt1345836,0.89310575,110,0.87208045
tt1355642,0.90839773,55,0.89063954
tt13675832,0.8777202,56,0.85340774
tt1375666,0.9207054,126,0.9055767
tt13819960,0.5343543,54,0.4366824
tt13868972,0.9435287,61,0.9332762
tt13875494,0.7815533,58,0.73669505
tt13918776,0.79811096,67,0.75679016
tt1392190,0.8670973,56,0.8405154
tt1392214,0.9245983,67,0.91030127
tt13991232,0.8985983,51,0.87874645
tt1399664,0.8580415,66,0.8295248
tt14107334,0.8044113,54,0.76443654
tt1411664,0.43518195,55,0.31632203
tt14121726,0.25036615,57,0.09202065
tt14186672,0.7290911,54,0.67302436
tt14364480,0.7740691,51,0.7276118
tt14392248,0.90169024,51,0.882499
tt14403178,0.8984526,59,0.8785696
tt14452776,0.8509891,71,0.82096565
tt14513804,0.56659013,65,0.47580534
tt14586350,0.84566265,56,0.8145012
tt14688458,0.857956,51,0.829421
tt14723224,0.4308547,22,0.31107026
tt1475582,0.9431479,52,0.932814
tt14857528,0.526735,52,0.42743522
tt1486217,0.89147884,53,0.8701059
tt1489428,0.9345177,59,0.92234
tt1492966,0.8922276,58,0.87101465
tt14966898,0.8232464,53,0.78729576
tt14986406,0.9420512,51,0.931483
tt15047880,0.664083,53,0.59412736
tt1508238,0.861514,46,0.8337391
tt15097216,0.9501309,58,0.9412889
tt1513168,0.72366613,36,0.66644037
tt1517489,0.51897246,66,0.41801423
tt15181326,0.7802836,61,0.735154
tt1518542,0.9766133,57,0.9734292
tt1520211,0.8715549,63,0.8459253
tt15232564,0.58142704,57,0.4938121
tt15239678,0.8519581,100,0.82214165
tt1533395,0.8931974,23,0.87219167
tt1534360,0.92781997,55,0.9142113
tt15398776,0.8441469,140,0.81266165
tt15435876,0.94839185,54,0.93917835
tt15574124,0.58706945,65,0.50066
tt15677150,0.8823735,56,0.8590553
tt1570728,0.8686447,52,0.84239334
tt1572311,0.28668207,54,0.1360954
tt15940132,0.54018426,71,0.4437579
tt16026746,0.93573564,54,0.9238181
tt1606375,0.90988666,68,0.8924466
tt1628033,0.85326797,56,0.82373136
tt16288804,0.8011714,56,0.7605045
tt16311594,0.7901365,55,0.74711204
tt1637688,0.7958057,50,0.7539924
tt1638002,0.7987226,35,0.75753254
tt1641384,0.91135013,54,0.8942227
tt16431404,0.5979668,67,0.51388556
tt1649418,0.7704452,56,0.72321373
tt1666186,0.43843418,51,0.32026908
tt1675434,0.8959377,110,0.8755174
tt1710308,0.90528524,64,0.88686204
tt1714203,0.42032325,50,0.2982888
tt1716747,0.46467677,50,0.35211834
tt1733785,0.9535692,55,0.94546175
tt1740299,0.83948684,67,0.80700594
tt1745960,0.87699735,56,0.8525305
tt17490712,0.651576,54,0.57894826
tt1757678,0.861998,52,0.8343266
tt1795096,0.9687371,38,0.96387035
tt1806234,0.8645652,25,0.8374422
tt1831164,0.9057132,51,0.88738143
tt1832382,0.88923925,114,0.8673879
tt1839578,0.93568575,50,0.9237576
tt1843230,0.83355755,64,0.7998099
tt1844624,0.7704535,52,0.72322375
tt1853728,0.931693,136,0.9189118
tt1856010,0.794183,62,0.75202304
tt1865718,0.9366387,51,0.9249141
tt1870479,0.9232201,56,0.90862864
tt1877368,0.8439192,58,0.81238526
tt1877514,0.91900575,53,0.9035139
tt1883367,0.44447425,66,0.3275996
tt18923754,0.88735443,65,0.8651004
tt1895587,0.8439863,57,0.8124667
tt1910272,0.96957105,28,0.96488243
tt1928307,0.70621854,62,0.6452651
tt1942683,0.91487753,52,0.8985037
tt1950186,0.922272,54,0.90747803
tt19623240,0.2913142,51,0.1417172
tt19637052,0.79342586,51,0.7511041
tt1979320,0.89895785,51,0.8791828
tt1979376,0.7735994,65,0.7270417
tt1981115,0.8003221,45,0.75947374
tt2024544,0.912607,51,0.89574814
tt20258974,0.8338683,12,0.80018705
tt2049116,0.92679656,52,0.91296923
tt2063241,0.92133665,47,0.9063428
tt2085059,0.90841484,60,0.8906603
tt20859920,0.9367419,50,0.92503935
tt20863294,0.8390781,24,0.8065099
tt2092588,0.9293826,32,0.9161078
tt2096673,0.8454999,54,0.81430364
tt2098220,0.9259642,58,0.911959
tt2100976,0.89896065,57,0.8791862
tt21056886,0.93677646,56,0.9250813
tt2106476,0.8985981,122,0.8787462
tt21066182,0.9337038,59,0.92135215
tt21097228,0.8086257,58,0.7695514
tt21106646,0.3735956,65,0.24157785
tt21109170,0.76872176,19,0.721122
tt2119532,0.90372026,66,0.88496274
tt21209876,0.89910823,56,0.8793653
tt2172954,0.78543204,55,0.74140245
tt21815562,0.7254749,58,0.66863555
tt21906238,0.91111755,54,0.89394045
tt2194499,0.9036077,50,0.8848261
tt2222042,0.832058,55,0.79798996
tt22248376,0.9406629,55,0.9297981
tt2244495,0.8448843,55,0.81355655
tt2250912,0.8245699,70,0.788902
tt2267998,0.9052863,62,0.88686335
tt2278388,0.8722928,68,0.84682083
tt2297757,0.9104689,57,0.8931532
tt2303687,0.91657466,57,0.9005634
tt2310109,0.7819544,14,0.7371818
tt2356777,0.87777823,56,0.8534782
tt2380307,0.91367626,114,0.8970458
tt2382320,0.81990296,60,0.783238
tt23849204,0.9331207,116,0.9206445
tt23865918,0.76528937,53,0.7169563
tt2395695,0.92439866,53,0.91005903
tt2401256,0.9195479,61,0.90417194
tt2403029,0.43210256,58,0.31258473
tt2442560,0.9253481,57,0.9112113
tt2465146,0.618103,54,0.5383239
tt2467046,0.401299,64,0.27520004
tt2560140,0.98266995,52,0.9807799
tt2571774,0.87443316,23,0.84941846
tt2574698,0.27479285,51,0.121666074
tt2575988,0.9439734,52,0.9338159
tt2582802,0.865223,134,0.83824056
tt26443616,0.6810368,58,0.6147033
tt26471411,0.91628945,53,0.9002173
tt26548265,0.94487387,54,0.93490875
tt26581740,0.7733289,54,0.7267135
tt26657236,0.72623163,56,0.66955394
tt26766517,0.8817336,9,0.85827863
tt2701582,0.9209821,30,0.9059125
tt27047903,0.6377003,58,0.5621081
tt2704998,0.80500823,53,0.76516104
tt2707408,0.92996514,55,0.91681474
tt2708254,0.7846742,25,0.7404827
tt2709768,0.78481674,51,0.74065566
tt27131358,0.8037749,66,0.7636642
tt27331527,0.76617426,52,0.7180303
tt27444205,0.9075049,64,0.88955593
tt27446493,0.9533091,69,0.94514614
tt27497448,0.85584444,57,0.8268583
tt27543632,0.7838498,52,0.7394821
tt27552099,0.72489107,55,0.66792697
tt27557289,0.6935223,54,0.6298563
tt27564844,0.5208052,56,0.4202385
tt27610198,0.9234796,54,0.90894365
tt27613895,0.71660805,52,0.6578743
tt27681354,0.46622851,53,0.35400164
tt27792190,0.8412642,61,0.80916303
tt2788316,0.9252684,54,0.9111146
tt2802850,0.8803103,58,0.85655123
tt28118211,0.7062663,52,0.64532304
tt28230655,0.90150756,50,0.88227725
tt2861424,0.8878266,55,0.8656734
tt28650488,0.6869308,58,0.6218566
tt29552248,0.92060333,51,0.90545285
tt29567915,0.8461589,53,0.81510353
tt29623480,0.8703757,56,0.84449416
tt2980516,0.8471511,53,0.81630766
tt3006802,0.8662954,57,0.8395421
tt3011894,0.9301783,53,0.9170734
tt30144839,0.7785167,57,0.73300964
tt30263074,0.95826095,55,0.95115596
tt3032476,0.94137007,57,0.9306564
tt30343126,0.8863718,21,0.86390775
tt30413898,0.7887849,58,0.74547166
tt30447822,0.35212553,39,0.21552074
tt30459041,0.82069594,53,0.7842004
tt30460310,0.94028956,53,0.92934495
tt30472557,0.9150994,53,0.89877295
tt30825738,0.75406563,53,0.7033346
tt30826447,0.8247874,50,0.789166
tt30827810,0.705388,52,0.6442571
tt30851137,0.6235818,58,0.5449732
tt31036941,0.5869771,72,0.50054795
tt31137273,0.86872214,55,0.84248734
tt31189814,0.6899606,55,0.6255337
tt31193180,0.7988036,53,0.7576308
tt31195136,0.6432746,53,0.5688733
tt3138104,0.38218895,60,0.25200716
tt31434030,0.729773,64,0.6738519
tt31514146,0.96769464,116,0.9626051
tt31567422,0.65195847,69,0.57941246
tt31589662,0.78244555,56,0.7377779
tt31631015,0.78862053,13,0.74527216
tt3170832,0.89429635,62,0.8735254
tt31938062,0.9514537,58,0.9428943
tt32093575,0.42936897,60,0.3092671
tt3212600,0.92595816,55,0.9119517
tt32129938,0.8349752,6,0.80153036
tt32140872,0.73901886,56,0.68507314
tt32141377,0.8660301,57,0.8392201
tt32267691,0.8539232,47,0.8245266
tt32298956,0.6629225,4,0.59271896
tt3230854,0.9105313,60,0.8932289
tt32321317,0.79395396,69,0.75174505
tt32357218,0.79291064,56,0.7504788
tt32389930,0.79542375,39,0.75352883
tt32420734,0.7411176,60,0.6876203
tt32430579,0.8368353,53,0.80378795
tt32547691,0.88298625,55,0.8597989
tt32565993,0.93181664,55,0.91906184
tt32612507,0.6619294,58,0.5915137
tt32767294,0.88108504,55,0.8574915
tt32820897,0.91348535,51,0.8968141
tt32897959,0.62847376,54,0.5509103
tt32916440,0.8569579,55,0.8282097
tt33035373,0.77834225,70,0.7327979
tt33043892,0.91947997,47,0.90408945
tt33071426,0.6601102,71,0.58930576
tt33100314,0.9519553,55,0.94350314
tt3315342,0.87265426,63,0.8472595
tt33175825,0.9300367,120,0.91690165
tt33204276,0.7291892,50,0.67314345
tt3322312,0.89364946,56,0.8727403
tt33253070,0.65732306,53,0.5859232
tt33265765,0.96888536,59,0.96405023
tt33296751,0.82782376,55,0.7928511
tt33311069,0.7806005,38,0.7355386
tt33332385,0.9888572,56,0.988289
tt33397980,0.33938116,53,0.20005356
tt33538438,0.76459986,54,0.71611947
tt33546863,0.89566976,57,0.8751922
tt33612209,0.5981072,53,0.51405597
tt33763941,0.72896713,51,0.6728739
tt33852162,0.69075936,57,0.6265031
tt33978029,0.79341084,53,0.7510859
tt3398228,0.9380435,55,0.92661905
tt3398540,0.93836546,61,0.9270098
tt3428912,0.9347568,58,0.9226302
tt34378301,0.33416253,54,0.19371998
tt34379307,0.7400912,47,0.6863746
tt34385135,0.87731665,36,0.852918
tt34459219,0.85149884,59,0.8215843
tt34611082,0.75602525,58,0.7057129
tt34675596,0.6457916,47,0.571928
tt34685692,0.7170698,55,0.65843475
tt34809853,0.97013646,31,0.9655686
tt34991493,0.93757933,58,0.9260557
tt3526078,0.9178762,65,0.902143
tt3530232,0.92657167,55,0.9126963
tt35495073,0.9494733,53,0.94049084
tt35672862,0.63585895,54,0.55987334
tt35674465,0.96636164,56,0.9609873
tt35728748,0.7070563,22,0.64628184
tt35768911,0.90806556,24,0.8902364
tt3581652,0.91093904,3,0.8937238
tt3581932,0.8586977,66,0.8303212
tt35823838,0.7402389,38,0.68655384
tt35946742,0.7477147,35,0.69562685
tt35992024,0.37666634,14,0.24530466
tt36022742,0.56827253,50,0.47784716
tt36042156,0.8813457,55,0.8578079
tt36118374,0.60726666,49,0.52517235
tt36331860,0.34920052,56,0.2119708
tt36460202,0.7563866,38,0.7061514
tt36594331,0.9579822,52,0.9508176
tt36639436,0.89274126,11,0.87163806
tt36849871,0.48259437,54,0.37386402
tt36926359,0.56020826,16,0.46806
tt36988358,0.9438934,65,0.93371874
tt3718778,0.91207755,53,0.89510554
tt37287335,0.8560855,58,0.8271508
tt37458112,0.8079949,56,0.76878583
tt3748528,0.9148997,60,0.89853066
tt3774694,0.6809945,53,0.614652
tt37961742,0.7415907,6,0.68819445
tt3823392,0.96872365,40,0.96385396
tt38906892,0.82790136,2,0.79294527
tt3895150,0.94767034,66,0.93830264
tt39139925,0.96681184,53,0.9615337
tt39163015,0.99351674,2,0.99394405
tt3960394,0.7762427,56,0.73024976
tt4009460,0.37059227,54,0.23793286
tt4016934,0.87918085,54,0.8551805
tt40385200,0.6306231,44,0.55351883
tt4061080,0.8605742,36,0.83259857
tt4063800,0.9437394,53,0.9335319
tt40792117,0.7645587,55,0.7160695
tt4082744,0.9011122,52,0.88179743
tt4093826,0.8473608,56,0.8165622
tt41087705,0.28486955,9,0.13389565
tt41367695,0.7455397,44,0.6929872
tt4154756,0.8818896,130,0.85846794
tt4154796,0.77561784,122,0.7294914
tt4158110,0.9179207,51,0.90219706
tt41604789,0.31556326,16,0.17114702
tt41635245,0.85802144,53,0.82950044
tt42178219,0.50682455,57,0.40327093
tt4236770,0.8865215,69,0.8640895
tt42873612,0.23364577,56,0.07172799
tt4288182,0.9142102,58,0.8976938
tt4299972,0.91999257,63,0.90471154
tt4357198,0.7207662,57,0.66292083
tt4384086,0.8551374,60,0.8260002
tt4430212,0.8441808,54,0.8127028
tt4435072,0.24895358,53,0.09030629
tt4508902,0.9390673,55,0.9278616
tt4574334,0.8966604,69,0.8763945
tt4633694,0.89982283,102,0.88023263
tt4667094,0.4110426,55,0.28702533
tt4729430,0.9182815,57,0.9026349
tt4742876,0.9387557,56,0.9274834
tt4770018,0.5498851,59,0.4555313
tt4786824,0.8987755,54,0.87896156
tt4815122,0.6522907,50,0.5798157
tt4834232,0.96824086,58,0.96326804
tt4846232,0.8433039,72,0.81163853
tt4877122,0.4907627,58,0.38377753
tt4934214,0.92426705,59,0.9098993
tt5027774,0.87993735,55,0.85609865
tt5057054,0.8763328,56,0.851724
tt5074352,0.91389734,106,0.89731413
tt5177120,0.7318595,56,0.6763842
tt5182866,0.9448665,54,0.93489975
tt5189670,0.8872363,66,0.864957
tt5290382,0.90606135,56,0.887804
tt5311514,0.9250687,112,0.91087216
tt5323662,0.9084087,72,0.89065284
tt5421602,0.8951066,51,0.8745088
tt5442430,0.7210368,30,0.66324925
tt5491994,0.95623815,60,0.94870096
tt5555260,0.9502156,54,0.9413917
tt5607616,0.9360531,50,0.9242034
tt5619332,0.61469704,54,0.5341902
tt5622316,0.9519039,60,0.9434407
tt5675620,0.8846657,71,0.8618372
tt5687612,0.8910481,55,0.86958313
tt5690360,0.41506124,58,0.29190254
tt5697572,0.42031685,56,0.298281
tt5712554,0.94694585,54,0.93742335
tt5753856,0.95235044,69,0.94398266
tt5788792,0.90419084,59,0.8855338
tt5834204,0.86654526,50,0.83984536
tt5851616,0.91873187,39,0.90318155
tt5897304,0.95209265,54,0.9436698
tt5950044,0.70787096,51,0.64727056
tt5989218,0.8079042,55,0.7686757
tt6019206,0.9629235,108,0.95681465
tt6025022,0.9192202,34,0.9037742
tt6038600,0.50583184,21,0.40206614
tt6108262,0.9221882,54,0.90737635
tt6257970,0.9016235,59,0.882418
tt6533240,0.6243135,54,0.5458612
tt6722400,0.7369441,59,0.6825551
tt6741278,0.954642,53,0.9467638
tt6751668,0.89548874,108,0.8749725
tt6763664,0.8649661,54,0.8379288
tt6769208,0.9071997,29,0.8891855
tt6966692,0.9074992,116,0.889549
tt7059844,0.24611415,52,0.08686022
tt7120662,0.8739199,60,0.8487956
tt7131622,0.8166368,70,0.77927405
tt7137906,0.9271839,53,0.91343933
tt7255568,0.33531925,52,0.19512384
tt7278862,0.9073571,55,0.8893766
tt7286456,0.8520132,102,0.8222085
tt7366338,0.94923735,59,0.94020444
tt7395114,0.8363236,55,0.8031669
tt7431594,0.20617528,56,0.038388483
tt7462410,0.6182577,55,0.5385116
tt7472896,0.94317126,59,0.9328424
tt7562112,0.9607917,58,0.9542274
tt7587890,0.82669735,56,0.791484
tt7608028,0.27531603,65,0.12230103
tt7653254,0.87960005,54,0.8556893
tt7660850,0.9015158,55,0.88228726
tt7668842,0.20519045,51,0.037193242
tt7678620,0.9250954,58,0.9109046
tt7772588,0.84598297,71,0.81488997
tt7908628,0.9295113,55,0.916264
tt7920978,0.93908244,53,0.92788
tt7923710,0.9466266,56,0.9370359
tt8036976,0.57801545,53,0.48967165
tt8041270,0.67251927,54,0.60436606
tt8108198,0.91085637,52,0.8936234
tt8111088,0.8654014,55,0.8384571
tt8267604,0.8883835,100,0.8663493
tt8366590,0.19471446,51,0.024479073
tt8398600,0.9152874,63,0.8990011
tt8420184,0.9423227,56,0.93181247
tt8503618,0.91466695,116,0.89824814
tt8579674,0.93479717,104,0.9226791
tt8595766,0.9439341,55,0.93376815
tt8637438,0.46862134,53,0.35690567
tt8772296,0.7945104,61,0.75242037
tt8819906,0.47962657,56,0.37026215
tt9054364,0.9263465,56,0.912423
tt9103932,0.8514454,53,0.8215194
tt9140342,0.9548997,56,0.9470766
tt9150192,0.6088586,57,0.5271044
tt9174558,0.93007505,59,0.91694814
tt9253284,0.90410316,55,0.8854274
tt9253866,0.9298038,58,0.91661894
tt9288030,0.9060731,56,0.8878182
tt9335498,0.93465245,55,0.92250353
tt9362722,0.8967652,104,0.8765217
tt9362736,0.6577436,54,0.58643353
tt9432978,0.9697103,53,0.9650514
tt9544034,0.8825751,50,0.8592999
tt9561862,0.8835302,58,0.8604591
tt9624766,0.36893377,58,0.23592003
tt9639470,0.7992462,51,0.7581679
tt9682428,0.6483943,57,0.5750868
tt9735318,0.9226275,58,0.90790945
tt9813792,0.77289635,55,0.7261885
tt9820556,0.3362381,55,0.19623898
